{"i":1000,"val_loss_history":[2.4582461118698],"val_loss_history_it":[1000],"forward_backward_times":{},"opt":{"max_epochs":50,"checkpoint_every":1000,"batch_size":10,"memory_benchmark":0,"init_from":"","grad_clip":5,"model_type":"lstm","lr_decay_every":5,"print_every":1,"wordvec_size":64,"seq_length":50,"input_json":"data\/frameworks.json","num_layers":2,"input_h5":"data\/frameworks.h5","reset_iterations":1,"rnn_size":128,"dropout":0,"checkpoint_name":"cv\/checkpoint","batchnorm":0,"learning_rate":0.002,"speed_benchmark":0,"gpu_backend":"cuda","lr_decay_factor":0.5,"gpu":-1},"train_loss_history":[4.162980556488,4.0799551010132,3.9716281890869,3.8014857769012,3.6925735473633,3.6505923271179,3.5978782176971,3.5218989849091,3.5437712669373,3.5522389411926,3.5102698802948,3.4975290298462,3.4201431274414,3.4376544952393,3.4772005081177,3.490535736084,3.4944961071014,3.4508726596832,3.5110352039337,3.4551584720612,3.4657680988312,3.3672308921814,3.4518496990204,3.3431017398834,3.3999452590942,3.4125070571899,3.4412524700165,3.3634331226349,3.3864538669586,3.3948786258698,3.3174004554749,3.3204119205475,3.2288959026337,3.213853597641,3.2714803218842,3.2471613883972,3.2357444763184,3.1870729923248,3.2537779808044,3.1826801300049,3.2163920402527,3.0712509155273,3.1581473350525,2.9901382923126,3.0823669433594,3.1088788509369,3.1038944721222,3.0421512126923,3.0490012168884,3.0672852993011,2.9523611068726,2.9965393543243,2.8485786914825,2.8834538459778,2.9705464839935,2.9386184215546,2.9068119525909,2.8613629341125,2.9537127017975,2.8838577270508,2.9523949623108,2.772661447525,2.906439781189,2.6989557743073,2.8253417015076,2.8483963012695,2.8356795310974,2.7751727104187,2.7864923477173,2.8476440906525,2.7000379562378,2.7808413505554,2.6199915409088,2.6521291732788,2.7638981342316,2.7229931354523,2.698602437973,2.6341075897217,2.7675573825836,2.7021000385284,2.7616291046143,2.5995357036591,2.7775056362152,2.5689606666565,2.6783292293549,2.7149052619934,2.7074944972992,2.6312410831451,2.6694269180298,2.7468068599701,2.6010026931763,2.6875150203705,2.5102214813232,2.5722649097443,2.6860907077789,2.6533572673798,2.6366698741913,2.5801930427551,2.7076604366302,2.6172316074371,2.6839280128479,2.5352268218994,2.7127461433411,2.5241820812225,2.606938123703,2.6317317485809,2.6423637866974,2.5611543655396,2.6132347583771,2.695211648941,2.5473837852478,2.6351275444031,2.4522378444672,2.5211980342865,2.6296315193176,2.590389251709,2.5839219093323,2.5231735706329,2.6525235176086,2.5635392665863,2.6336181163788,2.4865901470184,2.6632800102234,2.4857685565948,2.5513925552368,2.5777666568756,2.5968024730682,2.5018241405487,2.5705237388611,2.6495368480682,2.5041613578796,2.5918383598328,2.4124648571014,2.4746108055115,2.5824875831604,2.5400605201721,2.5367066860199,2.4755887985229,2.6016912460327,2.5153393745422,2.5894801616669,2.4445705413818,2.6142914295197,2.4494626522064,2.5019769668579,2.5335645675659,2.5562233924866,2.4509930610657,2.5312039852142,2.6041762828827,2.4663343429565,2.5545229911804,2.3754618167877,2.4312551021576,2.5365800857544,2.4946858882904,2.4911992549896,2.4334561824799,2.5543246269226,2.4694917201996,2.5484912395477,2.4049034118652,2.5694434642792,2.4136233329773,2.4572231769562,2.495001077652,2.5185432434082,2.4051141738892,2.4949703216553,2.5597891807556,2.431202173233,2.5197153091431,2.3393943309784,2.3910024166107,2.4947009086609,2.4538304805756,2.4471001625061,2.3946845531464,2.5101366043091,2.4259250164032,2.5113580226898,2.3635594844818,2.5298449993134,2.3777091503143,2.4202995300293,2.472259759903,2.4888820648193,2.3691954612732,2.4691672325134,2.5238084793091,2.4066543579102,2.4986667633057,2.317268371582,2.3695201873779,2.4734256267548,2.4385192394257,2.4321918487549,2.3818645477295,2.4951996803284,2.3816936016083,2.4773380756378,2.3402383327484,2.5003499984741,2.3604078292847,2.3950090408325,2.4362943172455,2.4637973308563,2.3492341041565,2.4460527896881,2.506087064743,2.388112783432,2.4766709804535,2.2971317768097,2.348283290863,2.4514358043671,2.41561627388,2.4138460159302,2.357941865921,2.4721567630768,2.3631899356842,2.4608800411224,2.3227958679199,2.4836418628693,2.3432636260986,2.3763034343719,2.4199688434601,2.4478123188019,2.3322310447693,2.4272310733795,2.484757900238,2.3716857433319,2.4605450630188,2.2801802158356,2.331235408783,2.4324743747711,2.3984370231628,2.3940196037292,2.3398413658142,2.4511501789093,2.3446674346924,2.4449365139008,2.3081789016724,2.4657528400421,2.3282241821289,2.3575465679169,2.4019703865051,2.4320049285889,2.3151521682739,2.4110639095306,2.4657106399536,2.3556878566742,2.4448823928833,2.263667345047,2.3146805763245,2.4138104915619,2.3806056976318,2.3754637241364,2.3212547302246,2.432267665863,2.325493812561,2.4284627437592,2.2927417755127,2.4478583335876,2.3130548000336,2.3393859863281,2.3848869800568,2.4159882068634,2.2979521751404,2.395357131958,2.4464197158813,2.3396418094635,2.4301388263702,2.2466151714325,2.2985463142395,2.3951795101166,2.3640458583832,2.3576898574829,2.3037099838257,2.4129028320312,2.3058567047119,2.4139304161072,2.2742516994476,2.4314324855804,2.2963576316833,2.3228106498718,2.3747925758362,2.4029161930084,2.2819166183472,2.3861651420593,2.4308788776398,2.3281219005585,2.4218716621399,2.2385632991791,2.2913036346436,2.3850126266479,2.358051776886,2.3512127399445,2.299126625061,2.4096202850342,2.2805333137512,2.3945453166962,2.2613506317139,2.4178514480591,2.2903325557709,2.3127720355988,2.356440782547,2.388596534729,2.2737829685211,2.3725199699402,2.4196300506592,2.319429397583,2.4116339683533,2.2301020622253,2.2815954685211,2.3762531280518,2.3505880832672,2.3394165039062,2.2874405384064,2.3968279361725,2.273827791214,2.386568069458,2.2540218830109,2.411714553833,2.2856783866882,2.3046269416809,2.3469259738922,2.3796832561493,2.266083240509,2.3644654750824,2.4112582206726,2.3121612071991,2.4043538570404,2.222106218338,2.2739069461823,2.3662142753601,2.3415026664734,2.3297855854034,2.2776246070862,2.387229681015,2.26482629776,2.3793935775757,2.2467355728149,2.4051556587219,2.2783725261688,2.2960457801819,2.3386471271515,2.3719298839569,2.2580146789551,2.3571782112122,2.4023611545563,2.3043591976166,2.3973150253296,2.214287519455,2.2666075229645,2.3571376800537,2.3332834243774,2.3215072154999,2.2687175273895,2.3778033256531,2.2554819583893,2.3722777366638,2.2399501800537,2.3976337909698,2.2715017795563,2.2881388664246,2.3301496505737,2.3640444278717,2.2505452632904,2.349723815918,2.393326997757,2.2963590621948,2.3902037143707,2.206179857254,2.2592895030975,2.3485553264618,2.3253884315491,2.3135006427765,2.26003074646,2.3686804771423,2.2459537982941,2.3656170368195,2.2304527759552,2.3845732212067,2.259505033493,2.2796761989594,2.3282480239868,2.3587167263031,2.2429931163788,2.3456480503082,2.3856935501099,2.2886922359467,2.386691570282,2.199597120285,2.2563669681549,2.3443746566772,2.3231182098389,2.3132183551788,2.2605195045471,2.3682525157928,2.2297871112823,2.3557667732239,2.2230176925659,2.3796384334564,2.2579126358032,2.2756459712982,2.317943572998,2.3533942699432,2.2420120239258,2.3376610279083,2.3789267539978,2.2836277484894,2.3818430900574,2.1952285766602,2.2516098022461,2.3392555713654,2.31938123703,2.3080360889435,2.2569198608398,2.3630385398865,2.2258903980255,2.3542232513428,2.2200045585632,2.3745968341827,2.2536416053772,2.2711510658264,2.3131442070007,2.3504676818848,2.239738702774,2.3336751461029,2.3749990463257,2.2787892818451,2.3787567615509,2.1887803077698,2.2469964027405,2.3344864845276,2.3146123886108,2.303450345993,2.2521584033966,2.3580486774445,2.2218289375305,2.3518047332764,2.2171127796173,2.3695805072784,2.2495875358582,2.2669150829315,2.3091816902161,2.3457369804382,2.2355859279633,2.32958984375,2.3706161975861,2.2747371196747,2.3754274845123,2.1840803623199,2.2430202960968,2.3299615383148,2.3101961612701,2.2987494468689,2.2467622756958,2.3528897762299,2.217325925827,2.3479917049408,2.213586807251,2.3658528327942,2.2460296154022,2.262886762619,