{"i":400,"val_loss_history":[2.6839952468872],"val_loss_history_it":[400],"forward_backward_times":{},"opt":{"max_epochs":50,"checkpoint_every":1000,"batch_size":25,"memory_benchmark":0,"init_from":"","grad_clip":5,"model_type":"lstm","lr_decay_every":5,"print_every":1,"wordvec_size":64,"seq_length":50,"input_json":"data\/frameworks.json","num_layers":2,"input_h5":"data\/frameworks.h5","reset_iterations":1,"rnn_size":128,"dropout":0,"checkpoint_name":"cv\/checkpoint","batchnorm":0,"learning_rate":0.002,"speed_benchmark":0,"gpu_backend":"cuda","lr_decay_factor":0.5,"gpu":-1},"train_loss_history":[4.1605815887451,4.1067938804626,4.0240049362183,3.8798520565033,3.7320413589478,3.6493339538574,3.5740656852722,3.5653245449066,3.5196721553802,3.4889440536499,3.546861410141,3.48850440979,3.489905834198,3.4908418655396,3.4961628913879,3.4897804260254,3.4645793437958,3.4271562099457,3.4871118068695,3.4248089790344,3.4414629936218,3.4359030723572,3.4529409408569,3.4284501075745,3.4174683094025,3.3726925849915,3.4214491844177,3.3576605319977,3.3613703250885,3.3514950275421,3.3576257228851,3.3295450210571,3.3143312931061,3.2754700183868,3.3319730758667,3.25750207901,3.2674932479858,3.2585983276367,3.2706518173218,3.2336165904999,3.2171673774719,3.1793129444122,3.2327065467834,3.1600022315979,3.1732261180878,3.1576526165009,3.1737153530121,3.1360619068146,3.1226413249969,3.0873322486877,3.141951084137,3.0656299591064,3.0831050872803,3.0690317153931,3.0838248729706,3.0402233600616,3.0326840877533,2.9971842765808,3.0520265102386,2.9757208824158,2.9987788200378,2.9858341217041,3.000616312027,2.9505729675293,2.9469878673553,2.9129824638367,2.971738576889,2.8944530487061,2.9202868938446,2.9072966575623,2.925586938858,2.8716442584991,2.8761520385742,2.84849858284,2.919260263443,2.8432958126068,2.8772730827332,2.8710079193115,2.8925001621246,2.8321268558502,2.8367652893066,2.8115832805634,2.8807685375214,2.8081469535828,2.8446805477142,2.834344625473,2.8617088794708,2.8018598556519,2.8049738407135,2.7796204090118,2.8519842624664,2.7784738540649,2.817387342453,2.8025472164154,2.8324084281921,2.7716374397278,2.7760949134827,2.7502481937408,2.8245921134949,2.7486932277679,2.7881524562836,2.7757794857025,2.8061170578003,2.7429001331329,2.7487852573395,2.724353313446,2.79714012146,2.7222497463226,2.7616591453552,2.7509980201721,2.7816078662872,2.7168869972229,2.7262034416199,2.706127166748,2.7785084247589,2.7058670520782,2.7475266456604,2.7412919998169,2.7721662521362,2.7009932994843,2.7108614444733,2.6911201477051,2.7623262405396,2.6929676532745,2.7355740070343,2.7278833389282,2.7611317634583,2.6901700496674,2.6997215747833,2.6792559623718,2.751960515976,2.6813404560089,2.7231764793396,2.7150151729584,2.7501475811005,2.6787233352661,2.688681602478,2.6683735847473,2.7401263713837,2.6699867248535,2.7118120193481,2.7038009166718,2.7395973205566,2.6685514450073,2.6782023906708,2.6572933197021,2.7284936904907,2.6592571735382,2.7012279033661,2.6934013366699,2.7294445037842,2.6578154563904,2.6689713001251,2.6500034332275,2.7202079296112,2.6524457931519,2.695408821106,2.6898171901703,2.725560426712,2.6501429080963,2.6617407798767,2.6429617404938,2.7138321399689,2.6468744277954,2.6900174617767,2.6844508647919,2.7209067344666,2.6449434757233,2.657027721405,2.6380212306976,2.7081129550934,2.6416499614716,2.6842703819275,2.6789109706879,2.7158553600311,2.6404597759247,2.6521492004395,2.632880449295,2.7032594680786,2.6366848945618,2.6790392398834,2.6735217571259,2.7109625339508,2.635556936264,2.6473867893219,2.6280608177185,2.6978704929352,2.6316838264465,2.6740849018097,2.6684441566467,2.7061734199524,2.6309971809387,2.6430571079254,2.6246111392975,2.6939291954041,2.6285781860352,2.6717977523804,2.6668000221252,2.7044186592102,2.6270399093628,2.6395516395569,2.6211316585541,2.6912665367126,2.6260251998901,2.6685650348663,2.6644637584686,2.7021996974945,2.6247842311859,2.6372787952423,2.6187298297882,2.688218832016,2.6234939098358,2.6662571430206,2.6618845462799,2.6998879909515,2.6224744319916,2.6351087093353,2.6163904666901,2.6856436729431,2.6210739612579,2.663587808609,2.6593360900879,2.6974942684174,2.6203441619873,2.6328279972076,2.6139471530914,2.6832807064056,2.6187090873718,2.6609761714935,2.6568319797516,2.6951334476471,2.6181273460388,2.6307394504547,2.6123502254486,2.6812319755554,2.6172015666962,2.660163640976,2.6560056209564,2.6943142414093,2.6160335540771,2.628983259201,2.6107044219971,2.6799256801605,2.6159522533417,2.6585495471954,2.6548807621002,2.6932153701782,2.615024805069,2.6278071403503,2.6094236373901,2.6786773204803,2.6147601604462,2.657240152359,2.6536464691162,2.69207072258,2.6139249801636,2.6267302036285,2.6082756519318,2.6773240566254,2.6135530471802,2.6560509204865,2.6523880958557,2.6909172534943,2.6128225326538,2.6256673336029,2.6071362495422,2.676038980484,2.612366437912,2.6548116207123,2.6511492729187,2.6897566318512,2.6117603778839,2.6246645450592,2.6063435077667,2.6750564575195,2.611634016037,2.6543862819672,2.6507349014282,2.6893491744995,2.6106922626495,2.6237998008728,2.605553150177,2.6743838787079,2.6110208034515,2.6536197662354,2.6501731872559,2.6888000965118,2.6101922988892,2.6231977939606,2.6048936843872,2.6738128662109,2.61044049263,2.6529095172882,2.649578332901,2.6882307529449,2.6096873283386,2.62264752388,2.6042947769165,2.6732053756714,2.6098554134369,2.652268409729,2.6489636898041,2.687655210495,2.609158039093,2.6221141815186,2.6037213802338,2.6725661754608,2.6092686653137,2.6516628265381,2.648344039917,2.6870815753937,2.6086208820343,2.6216280460358,2.60333943367,2.6720407009125,2.6088917255402,2.6514856815338,2.6481330394745,2.6868848800659,2.6080687046051,2.6212034225464,2.602974653244,2.6716768741608,2.6085901260376,2.6511466503143,2.6478521823883,2.6866135597229,2.607803106308,2.6209106445312,2.6026523113251,2.6713817119598,2.6082987785339,2.650799036026,2.6475536823273,2.6863276958466,2.6075570583344,2.6206345558167,2.6023468971252,2.6710929870605,2.6080083847046,2.6504583358765,2.6472532749176,2.6860432624817,2.6073052883148,2.6203672885895,2.6020474433899,2.6707928180695,2.607718706131,2.6501340866089,2.6469459533691,2.6857538223267,2.6070499420166,2.6201181411743,2.6018540859222,2.6705389022827,2.6075322628021,2.6500380039215,2.6468396186829,2.6856553554535,2.6067681312561,2.6199104785919,2.6016759872437,2.6703493595123,2.6073803901672,2.6498837471008,2.6466987133026,2.6855223178864,2.6066310405731,2.6197636127472,2.6015198230743,2.6701974868774,2.6072328090668,2.6497156620026,2.6465497016907,2.6853804588318,2.606504201889,2.6196272373199,2.6013705730438,2.6700506210327,2.6070895195007,2.6495506763458,2.6463997364044,2.6852343082428,2.6063799858093,2.6194930076599,2.6012177467346,2.6698985099792,2.6069459915161,2.6493844985962,2.646249294281,2.6850936412811,2.6062562465668,2.6193709373474,2.6011204719543,2.6697771549225,2.6068544387817,2.6493368148804,2.6461932659149,2.6850428581238,2.6061155796051],"memory_usage":{}}