{"i":1000,"val_loss_history":[1.5630628585815],"val_loss_history_it":[1000],"forward_backward_times":{},"opt":{"max_epochs":50,"checkpoint_every":1000,"batch_size":50,"memory_benchmark":0,"init_from":"","grad_clip":5,"model_type":"lstm","lr_decay_every":5,"print_every":1,"wordvec_size":64,"seq_length":50,"input_json":"data\/dogs.json","num_layers":2,"input_h5":"data\/dogs.h5","reset_iterations":1,"rnn_size":128,"dropout":0,"checkpoint_name":"cv\/checkpoint","batchnorm":0,"learning_rate":0.002,"speed_benchmark":0,"gpu_backend":"cuda","lr_decay_factor":0.5,"gpu":0},"train_loss_history":[4.2758278846741,4.1704778671265,4.0242128372192,3.8952448368073,3.7611508369446,3.649915933609,3.5329012870789,3.4763610363007,3.500077009201,3.4046204090118,3.4112460613251,3.409797668457,3.3844809532166,3.4127745628357,3.3979368209839,3.4130816459656,3.4252371788025,3.4066405296326,3.4184587001801,3.3311212062836,3.3797655105591,3.3557527065277,3.2816848754883,3.3213465213776,3.3222930431366,3.3411679267883,3.3083515167236,3.2907254695892,3.2828698158264,3.2066335678101,3.2176015377045,3.2200915813446,3.1895930767059,3.2052445411682,3.1739029884338,3.2008366584778,3.1802861690521,3.1739485263824,3.1193199157715,3.0397336483002,3.1019258499146,3.0468623638153,3.0500407218933,3.0523657798767,3.006676197052,3.0236685276031,3.0144228935242,2.968118429184,2.9794144630432,2.9312660694122,2.907910823822,2.9525580406189,2.8974215984344,2.9047734737396,2.8172700405121,2.9256727695465,2.808887720108,2.8377931118011,2.8403780460358,2.7233085632324,2.8223388195038,2.8044044971466,2.8013877868652,2.7781713008881,2.7994472980499,2.7927463054657,2.8333885669708,2.7702043056488,2.7802042961121,2.7368450164795,2.7301037311554,2.744779586792,2.6766080856323,2.6898903846741,2.7064850330353,2.6533892154694,2.6716046333313,2.6204524040222,2.6005733013153,2.6426665782928,2.6331355571747,2.6079938411713,2.5722606182098,2.5737180709839,2.5669252872467,2.5214908123016,2.6184735298157,2.5695436000824,2.5038139820099,2.5255317687988,2.5875039100647,2.5719480514526,2.5305907726288,2.4815611839294,2.4793508052826,2.4779653549194,2.4678955078125,2.4666450023651,2.5113344192505,2.4781370162964,2.5154378414154,2.4315361976624,2.4391479492188,2.5010602474213,2.4720976352692,2.4354193210602,2.4219229221344,2.4728331565857,2.4388632774353,2.4174106121063,2.4161591529846,2.3973383903503,2.4565262794495,2.3951885700226,2.4409239292145,2.3581693172455,2.4044456481934,2.3130028247833,2.3874416351318,2.4234268665314,2.3885884284973,2.3457672595978,2.3541371822357,2.3428978919983,2.3419551849365,2.3674125671387,2.3545475006104,2.3954660892487,2.3490560054779,2.3495209217072,2.3855447769165,2.3275918960571,2.3575434684753,2.3611381053925,2.3293476104736,2.2732532024384,2.2585558891296,2.229145526886,2.2394866943359,2.2749629020691,2.2365479469299,2.2140297889709,2.2272038459778,2.1862096786499,2.2475669384003,2.2813892364502,2.2780237197876,2.2924356460571,2.2330956459045,2.2636897563934,2.2217979431152,2.2492527961731,2.2657883167267,2.3088343143463,2.2707827091217,2.2560715675354,2.3161211013794,2.2448585033417,2.2170412540436,2.1537895202637,2.1375753879547,2.1916573047638,2.1905636787415,2.2012491226196,2.1559641361237,2.2072908878326,2.221941947937,2.2475538253784,2.2545266151428,2.1943078041077,2.2859871387482,2.206209897995,2.1480016708374,2.150648355484,2.1423573493958,2.1770787239075,2.130115032196,2.1906864643097,2.185688495636,2.1965596675873,2.214257478714,2.0579986572266,2.0682020187378,2.1125602722168,2.0328464508057,2.0685300827026,2.1005136966705,2.1802010536194,2.1703824996948,2.1636781692505,2.1403403282166,2.0763375759125,2.1461219787598,2.1661405563354,2.1101629734039,2.1591937541962,2.1579461097717,2.2113351821899,2.2046184539795,2.2020843029022,2.2096002101898,2.1099276542664,2.1370730400085,2.1234130859375,2.1564280986786,2.1012825965881,2.0625560283661,2.1250462532043,2.1301839351654,2.02370262146,2.131564617157,2.0838692188263,2.0260331630707,2.0940790176392,2.0860636234283,2.0717279911041,2.0172946453094,2.1833755970001,2.1075122356415,2.0996541976929,2.123263835907,1.9870308637619,2.0748264789581,2.0788130760193,2.0819373130798,2.0537092685699,2.1339755058289,2.1269979476929,2.1107923984528,2.1352727413177,2.151674747467,2.066903591156,2.0494058132172,2.0747816562653,2.0347986221313,2.0420725345612,2.0034418106079,2.0048699378967,2.0416748523712,2.0243325233459,1.9478080272675,2.0495119094849,2.0576124191284,1.9912096261978,2.0000386238098,1.9821267127991,2.0067903995514,1.9793382883072,2.0757765769958,2.0354015827179,1.9756728410721,2.0288739204407,2.1152164936066,2.098513841629,2.0242831707001,2.0279633998871,2.0083601474762,2.0101087093353,1.9488402605057,1.9764482975006,2.0086884498596,2.0181813240051,2.0295248031616,1.9515089988708,2.0099406242371,2.0434997081757,2.0076894760132,2.0150418281555,1.9635566473007,2.0566983222961,2.0460877418518,1.9954545497894,1.9766750335693,1.9594964981079,2.0593996047974,2.0027120113373,2.0340569019318,1.9310538768768,1.9958406686783,1.8846319913864,2.0115897655487,2.0222737789154,1.9893683195114,1.9363533258438,1.9915547370911,1.9496451616287,1.9653836488724,2.0428845882416,2.0119957923889,2.0648717880249,2.0170252323151,2.0075559616089,2.0532848834991,1.9944242238998,2.0170962810516,2.0502729415894,1.9922380447388,1.9268602132797,1.9358069896698,1.8789319992065,1.8955454826355,1.9399456977844,1.8937138319016,1.9047211408615,1.8923437595367,1.8511718511581,1.9159440994263,1.960834145546,1.9715411663055,1.9942656755447,1.939067363739,1.9468532800674,1.9125989675522,1.9658753871918,1.9696507453918,2.0276937484741,1.974289894104,1.9667609930038,2.0376300811768,1.9832748174667,1.9159345626831,1.8307689428329,1.8227468729019,1.8992161750793,1.9164371490479,1.9219435453415,1.884837269783,1.9130326509476,1.9645555019379,1.9667879343033,1.9972707033157,1.9302847385406,2.0401213169098,1.9194494485855,1.8708068132401,1.8978797197342,1.8649179935455,1.9345803260803,1.8593673706055,1.9516423940659,1.9200479984283,1.9462000131607,1.9763932228088,1.7931116819382,1.7827970981598,1.8399091959,1.7678445577621,1.7918931245804,1.8560820817947,1.9110193252563,1.9222640991211,1.9089242219925,1.9040665626526,1.8248853683472,1.8953330516815,1.8965246677399,1.9060453176498,1.9054012298584,1.898934006691,1.9596711397171,1.9594638347626,1.9576828479767,2.0032074451447,1.8640359640121,1.8962451219559,1.9066736698151,1.9062609672546,1.8311575651169,1.8249441385269,1.863231420517,1.895530462265,1.8038195371628,1.9072589874268,1.84934258461,1.7906968593597,1.8803820610046,1.8527367115021,1.8718867301941,1.7821427583694,1.9621902704239,1.8907587528229,1.8679299354553,1.8844926357269,1.7733435630798,1.8548942804337,1.8388246297836,1.8535792827606,1.8292628526688,1.9174511432648,1.9041441679001,1.8975769281387,1.9404755830765,1.9411482810974,1.8732184171677,1.8402371406555,1.8642675876617,1.8322259187698,1.8452831506729,1.794254899025,1.8014796972275,1.8379790782928,1.8107184171677,1.7544023990631,1.8520452976227,1.8594845533371,1.8180412054062,1.8260960578918,1.7690130472183,1.8189023733139,1.786159992218,1.8822287321091,1.8503420352936,1.792630314827,1.8322662115097,1.9222984313965,1.9096395969391,1.8411564826965,1.8258181810379,1.8157221078873,1.8077931404114,1.7680218219757,1.7737498283386,1.8133105039597,1.85096347332,1.839665055275,1.7602542638779,1.8262034654617,1.8654154539108,1.8211461305618,1.8389990329742,1.7716532945633,1.8743489980698,1.8690732717514,1.8133734464645,1.771312713623,1.7673094272614,1.8829847574234,1.8322087526321,1.86696600914,1.755356669426,1.8168966770172,1.6740943193436,1.8237560987473,1.8194876909256,1.8131732940674,1.7560646533966,1.8311570882797,1.7675083875656,1.7778919935226,1.8748133182526,1.850093126297,1.8902908563614,1.8446568250656,1.834129691124,1.8878525495529,1.8038893938065,1.8453904390335,1.9054913520813,1.8139617443085,1.7513617277145,1.7639980316162,1.6932941675186,1.7115343809128,1.7821533679962,1.6994941234589,